<?xml version="1.0" ?>
<!DOCTYPE catalogue [
<!ELEMENT catalogue (book*)>
<!ELEMENT book (title, author, isbn, publisher, edition, price)>
<!ELEMENT title (#PCDATA)>
<!ELEMENT author (#PCDATA)>
<!ELEMENT isbn (#PCDATA)>
<!ELEMENT publisher (#PCDATA)>
<!ELEMENT edition (#PCDATA)>
<!ELEMENT price (#PCDATA)>
]>
<catalogue>
    <book>
        <title>c</title>
        <author>Balaguruswamy</author>
        <isbn>1234</isbn>
        <publisher>pearson</publisher>
        <edition>4</edition>
        <price>$50</price>
    </book>
    <book>
        <title>c++</title>
        <author>Balaguruswamy</author>
        <isbn>123</isbn>
        <publisher>pearson</publisher>
        <edition>3</edition>
        <price>$55</price>
    </book>
    <book>
        <title>java</title>
        <author>Brett Spell</author>
        <isbn>12</isbn>
        <publisher>Apress</publisher>
        <edition>2</edition>
        <price>$45</price>
    </book>
</catalogue>


