<?xml version="1.0" encoding="UTF-8"?>
<web-app xmlns="http://java.sun.com/xml/ns/javaee"
    xmlns:xsi="http://www.w3.org/2001/XMLSchema-instance"
    xsi:schemaLocation="http://java.sun.com/xml/ns/javaee http://java.sun.com/xml/ns/javaee/web-app_3_0.xsd">

    <servlet>
        <servlet-name>StudentSearch</servlet-name>
        <servlet-class>com.example.StudentSearch</servlet-class>
    </servlet>

    <servlet-mapping>
        <servlet-name>StudentSearch</servlet-name>
        <url-pattern>/StudentSearch</url-pattern>
    </servlet-mapping>

</web-app>
